Hotel Name,Hotel Address,Hotel Rating,Hotel Latitude,Hotel Longitude
Hostal Las Lilas,"Lepiñanco 18, Lebu",3.7,-37.60795969999999,-73.64875789999999
Ushuaia Homes Downtown,"Pres. Bernardino Rivadavia 130, Ushuaia",5.0,-54.8052907,-68.3013382
Zin's House,"Nguyễn Thái Học, Yên Bái",0.0,21.7123966,104.8779026
Rest Inn,"3244 Central Pkwy, Cincinnati",2.7,39.1419229,-84.5309702
Pension Chez Jojo,"W357+V4R, Unnamed Road, Gambier",4.6,-23.0902538,-134.9372232
Nuli Sapi,"9JFW+J2W, Rogeia Island, Kasabanalua",4.7,-10.6258967,150.6450828
Hôtel Hiva Oa Hanakee Lodge,"5XWF+8MR, Hiva Oa",4.3,-9.8041391,-139.0258483
Isles Sunset Lodge,Kiribati,4.8,3.071017,172.7899308
Qaanaaq Hotel,"FQ99+P97, Qaanaaq",4.3,77.4692867,-69.2315911
ONS MOTEL & GUEST HOUSE,"HPR4+HC4, Royal Rd, Mahebourg",4.5,-20.4085895,57.70615350000001
Jo Jo's Inn,"43 George St, New Norfolk",0.0,-42.7831418,147.0625259
"પટેલ પાર્લર, ટી સ્ટોલ & જનરલ સ્ટોર, થરાદ","9JPJ+2P5, GJ SH 128, Tharad",0.0,24.3850097,71.6318508
Thank You Boutique Hotel,"Building D, Aobang Plaza, No. 789, Central Avenue, Huilong Town, Qidong",0.0,31.834044,121.669464
Waterfront Lodge Motel,"153 Risdon Rd, Lutana",3.9,-42.84421529999999,147.3153007
Riverside Motel,Air Ronge,3.7,55.0918155,-105.3199034
فندق أوباري,"HQW8+MCG، Unnamed Road, أوباري،، Awbari‎",2.8,26.5966876,12.7660784
HİLAR OTEL,"Adnan Menderes mah.Orhan doğan cad.no 56, Ergani",5.0,38.2663514,39.7918619
Arrayal,"R. Ezer Teixeira de Melo, 6 - 16 - Centro, Arraial do Cabo",5.0,-22.969881,-42.0207922
The Lost Camel Hotel - a member of Mercure Hotels,"Ayers Rock, Yulara Dr, Yulara",4.0,-25.2377096,130.9859629
Bushido Lodge,"13 Topps Access Road, off Waiare Road, Kaeo, Far North,, Kaeo",0.0,-35.117517,173.797571
Punta Arenas Getaway,"Suiza 01351, Punta Arenas",5.0,-53.1435409,-70.8828491
Banana bungalow,Wailuku,0.0,20.8918977,-156.5037419
Hotel Suromadu,"WWVR+GCJ, Jl. Raya Pelabuhan, Tambangan, Kalianget Tim., Kabupaten Sumenep",2.0,-7.0561624,113.941016
Bluff Lodge & Guest House,"120 Gore St, Bluff",4.3,-46.59911160000001,168.3428721
Moinho de Pedra,"Rua dos Moinhos de Vento, 28, Santa Cruz da Graciosa",4.9,39.054552,-27.970481
Rannoch Lodge,"10 Carlyle St, Mataura",0.0,-46.1935904,168.8631893
Sahtu Dene Inn and Suites,"88 MacKenzie Dr, Norman Wells",0.0,65.27618919999999,-126.7977388
Pasportnyy Stol,"Ulitsa Lenina, 31, Belyi Yar",4.5,53.5972069,91.3745766
Olini Lodge,"RQVH+7M9, Taufa'ahau Road, Nuku'alofa, Haveluloto, Nuku'alofa",4.3,-21.1568412,-175.220781
Neetu Residency,"Behind s b i bank, Bandikui Rd, near hariom marrige garden, Bandikui",5.0,27.039518,76.5695333
Hotel,"4FGF+95G, Troncal 19, Cdad. Bolívar",5.0,8.125927599999999,-63.52703700000001
The Plantation Faial,"R. de São Pedro 4, Feteira",4.5,38.5268078,-28.6784246
Pastoral,"R. João Paulo VI, 58, Pitimbu",0.0,-7.4765256,-34.8124234
The Four Valleys Guesthouse,"603 Tutangeni Street,, Rundu",4.0,-17.9168266,19.7529193
Dolphin,"WX62+VH9, Nouadhibou",0.0,20.9120868,-17.048753
Clyffard Lodge,"13 Clyffard Cres, Newport",4.0,51.5848338,-3.0026778
Hotel Southern,"u0360, Jalan Bunga Anggerik, Bandar Labuan, Labuan",3.0,5.278246999999999,115.2451969
Pueblo bonita,"Álvaro Obregón 51, Downtown, Ildefonso Green, Cabo San Lucas",0.0,22.8904477,-109.91662
Rocky Cay Lodging,"Rocky Cay, Via San Luis, entrada principal San Andres",4.6,12.5437783,-81.7040604
Desert Edge | Escape Properties,"551 N 1400 E, St. George",0.0,37.11771590000001,-113.5556377
The Red House,"J96G+488, Tasiilaq",4.7,65.61028019999999,-37.62432980000001
Adonis,"Zimnyaya Doroga, Vostok",5.0,46.44504149999999,135.8285073
Khách Sạn Đình Khang,"44 Thủ Khoa Huân, Bình Hưng",0.0,10.9315947,108.1036334
Joko,"6G8M+9QR, Jl. Kapten Saibuna, Talang Jawa Utara, Kabupaten Lahat",0.0,-3.7839977,103.5343248
Hotel Airport Lodge,"Settlers Way, Greenfields, East London",3.0,-33.0359711,27.862487
Indoyo Retreat,"28 Willmott St, Kaloorup",0.0,-33.6430997,115.3679553
Innisfail Tropical Lodge,"17-23 Flying Fish Point Rd, Innisfail Estate",4.2,-17.5182271,146.0347876
Kauai Beachfront Inn,"4-1558 Kuhio Hwy, Kapaʻa",5.0,22.0795477,-159.3141608
Berlevåg Motell As,"Havnegata 12, Berlevåg",4.3,70.8565327,29.1001638
Hotel Kap Farvel,"Isua B304, Nanortalik",4.0,60.1434625,-45.2366004
Hôtel Muambastangu,"BP 702, Omboué",0.0,-1.5667391,9.258546899999999
Mainha's Praia Hotel,"R. Terezinha da Costa, 99 - Lot. Praia Grande, Cabedelo",4.6,-7.0183458,-34.8362164
The Lodge,"7 Albany Rd, Port Alfred",2.6,-33.592217,26.897804
Sea view Accomodation,"GWV9+J7X, Nakumwe",4.0,-10.4558779,161.9182225
လရိပ်,"QPXV+6X5, Kan Yeik Tha Rd, Pathein",0.0,16.7979536,94.74496669999999
Tiara Inn,"436, Jalan Council, Pekan Sri Aman, Sri Aman",3.3,1.236517,111.4619929
Gostinichnyy Kompleks Aylgy,"Октябрьская,д, 42а",3.6,66.7534324,123.3832217
HOTEL BISO NA BISO,"Nº5, boulevard lumineux, Buta",5.0,2.8045317,24.7499112
Hotel Victoria,"Numancia 143, Chuy",3.6,-33.6938247,-53.4521667
Yonny,San Cristobal,4.2,7.767485400000001,-72.2320953
Gostinitsa,"Unnamed Road, Leningradskii",5.0,69.3570519,178.4045435
Narsaq Kayak Hostel,"3921, Narsaq",4.0,60.9133681,-46.0504869
Foho Tailau,"29PC+WFR, Ermera",0.0,-8.9626255,125.3711289
HOSPEDAJE SOL Y LUNA,"+51, Paramonga",0.0,-10.6752424,-77.82055280000002
"Hotel ""Posada Nueva Bilbao De Gardoqui""","Bernardo Ohiggins 1195, Constitución",4.6,-35.3374436,-72.40624439999999
King Eider Inn,"1752 Ahkovak St, Utqiagvik",4.4,71.28797449999999,-156.7722876
"Gostinitsa ""Khatanga""","647460 муниципальный район ул. Краснопеева, д.18, помещение 7, Chatanga",0.0,71.964027,102.4406129
Baza Otdykha,Deputatsky,3.5,69.3048706,139.9268836
Hanaoka,"Kushima, Nishihama, 2 Chome−８−4",5.0,31.454014,131.217192
Katsuura Hill Log Cottage Captain's Table,"1416 Kushihama, Katsuura",4.6,35.1588103,140.3016985
Les Habitations Saint-Bernard,"15 Rue des Pins, Port-Cartier",0.0,50.019716,-66.877427
Wendy's Retreat,"3 Callahan Pl, Mount Gambier",4.8,-37.8228458,140.8129929
Love in Okinawa Guest House,"4-18-6 Shiozakicho Itoman-shi, Itoman",0.0,26.1184,127.664
Casa Historica - Out of Blue,"C. Apurón, 11, Santa Cruz de la Palma",0.0,28.682679,-17.7655013
Schrader's Windward Country Inn,"47-039 Lihikai Dr, Kaneohe",0.0,21.460576,-157.833711
Hostal Carpao Lodging,Puerto Ayora,0.0,-0.7418336999999999,-90.3130467
Expeditions Ténére voyages,"MWV9+52P, Bilma",4.7,18.6929593,12.9175886
Áncora,"C. Prof. Adolfo Miaja de la Muela, 10, Valladolid",0.0,41.6367627,-4.7542746
Gostinitsa,"ул.Пушкина, 34 кв.9, Chersky",4.3,68.75682580000002,161.3276905
Rekona Lodge,"VRWR+M49, Rekona Lodge Street, Gizo",3.7,-8.103335999999999,156.8403717
Café de Upernavik,"Niuertup Otto-P Aqq BNR-10, Upernavik",4.1,72.78192059999999,-56.1512828
At the mountain near the ocean,"7 Raed-Na-Gael St, Hermanus",4.6,-34.402569,19.251679
Nikol'skiye Apartamenty,"Ulitsa Oktyabr'skaya, 16, Nikolskoye",0.0,59.6980744,30.7777654
Cadigan's,Logy Bay-Middle Cove-Outer Cove,5.0,47.6281738,-52.6808586
Departamentos Nicole,"Primero de Mayo, Naica",4.6,27.8534615,-105.4888827
Pineapple Park Accomodations,"860 Piilani St #1, Hilo",0.0,19.7161907,-155.0661355
Hotelera Quinamavida,"Ramón Olate 1084, Linares",0.0,-35.8376217,-71.60299239999999
Pension Oaoa,"7R4Q+4RJ, Taiarapu-Est",5.0,-17.7446636,-149.160492
Raven's Rest Inn,"181 Alaska Hwy, Haines Junction",4.6,60.754037,-137.5124714
Hotel la Vernande,"JQR5+X53, Kinkala",0.0,-4.3576032,14.7579175
Hotel Covare INN,"Marcelo Rubio Ruiz, Guerrero Negro",3.8,27.9683735,-114.0328838
Hotel Continental,"P74H+6GH, Morondava",2.7,-20.2943941,44.2788944
Hostelling Internacional,Puerto Madryn,5.0,-42.7755339,-65.0288558
Flatrock Suites,Cape Town,0.0,-33.9257106,18.4146824
Sleep Room,"Yamal'skaya Ulitsa, 5, Novy Urengoy",0.0,66.0849339,76.6607427
MELFEL Inn,"Q9HR+M84, Gigmoto",5.0,13.7791316,124.3908304
Pousada Aconchego,"Av. Pres. Vargas, 262 - 380, Rodrigues Alves",4.2,-7.7365703,-72.6477355
Residencial Bosques II los Héroes Chalco,Blvd. los Héroes Chalco,4.4,19.2611365,-98.8497478
Comfort Inn & Suites Augusta Westside,"3 Loudon Rd, Port Augusta West",4.1,-32.4850614,137.7585105
Blue Bull Lodge,"V458+VCC, Aranos",3.4,-24.1402951,19.1159595
Four a Pain,"2 Chem. Paul Hoareau, Saint-Philippe",5.0,-21.368047,55.7273041
Great Southern Encounters,"2 Joy St & Battye Road, Encounter Bay",3.3,-35.5806572,138.5913429
Betio Lodge Hotel,"9W4H+2F5, Betio",3.5,1.355013,172.928725
Backpackers Inn,"97/99 Olivia Terrace, Carnarvon",3.1,-24.8859199,113.6561056
Manhatan,"6M48+F6C, Av. Circunvalación, Samaná",0.0,19.2061829,-69.3344798
Palmira Carniel,"CIDREIRA, Cidreira",0.0,-30.1844113,-50.2073274
Comfort Inn & Suites Sikeston I-55,"109 Matthews Ln, Sikeston",4.0,36.8901086,-89.53667779999999
7 Days Inn,"7XF6+G2X, Near, 哈达西街 Chifeng",0.0,42.273857,118.9601001
Chautauqua Harbor Hotel,"10 Dunham Ave, Celoron",4.6,42.110095,-79.2851245
Sitka Hotel,"118 Lincoln St, Sitka",4.2,57.0494032,-135.3375002
Motel Clossi,"172 Bd Springer, Chapais",3.9,49.7806559,-74.8510957
Evolutech,"Travessa Edmundo Lara - Progresso, São Lourenço do Oeste",0.0,-26.348986,-52.84449919999999
Hotel Rawson,"1800, B7600FEL, Rawson 1702, Mar del Plata",4.0,-38.0116666,-57.5453324
Beach Point Cottage,"7 Ward St, Warrnambool",4.0,-38.3906555,142.4967995
Captain's Retreat,"5 Te Makatea Road, Matavera District",0.0,-21.2033094,-159.7593393
Hayam Wuruk Hotel,"Jl. Sukarno Hatta No.20, Dobangsan, Ngantru, Kabupaten Trenggalek",4.1,-8.064853099999999,111.7070869
Island Cottage,"Erf 810, Shark Island, Luderitz",4.6,-26.6374539,15.152202
Melissas's Guest House,Sao Filipe,5.0,14.8951222,-24.4987529
Stephen Creek Guest Cabin,"208 First Ave, Athalmer",0.0,50.518141,-116.026483
Venado tuerto,"Castelli, Mitre &, Venado Tuerto",5.0,-33.7480063,-61.96218200000001
Perkhalyuk Ihor Yosypovych,"Ternopil Oblast, Ukraine",0.0,49.4176125,25.9826186
Casa Jorge,"Pedro de Zeballos 27, Rocha",0.0,-34.4717305,-54.3086503
Aurora Jenny's B&B,"5102 52 St, Yellowknife",4.3,62.45138889999999,-114.3713345
Ray Lodge,"X7G8+X7J, Lorengau",4.0,-2.0225384,147.2656553
Naujaaraaluit – Clyde River Hotel,"Building #37-013, Lot 171 (Box 150), Clyde River",4.8,70.4723065,-68.5887346
THE L lodge • country living,"Estrada da Candelaria 200, Tabua",5.0,32.6913715,-17.0788512
Vardo Motel,"Birger Dahls gate 7A, Vardø",2.9,70.374584,31.0943981
კურორტი ზეკარი/Resort Zekari,"Kutaisi-Baghdati-Abastumani-Benara, Baghdati",5.0,41.9412245,42.9051411
Comfort Inn Explorer,Te Anau,0.0,-45.4187284,167.7175847
MGM Hotel,"FM4F+J8R, Dr. Otubuah Street, Oforikrom, Bibiani",3.7,6.4565554,-2.3267579
Hotel Nossa Senhora de Fátima,Itarema,3.7,-2.9211749,-39.9144517
Rodeway Inn Middleboro-Plymouth,"390 Wareham St, Middleborough",3.9,41.8547747,-70.8595821
Chipionabeachhouse,"Av. de la Laguna, 120, Chipiona",0.0,36.7186745,-6.434878899999999
Statistrovia,"Unnamed Road, Voivozh, Respúblika Kómi, Voivozh",0.0,62.8923542,54.968412
Woody Island Ecostays,"72 The Esplanade, Esperance",0.0,-33.8660127,121.891976
Krasnosel'kupnefteprodukt,"Krasnoselkupsky District, Yamalo-Nenets Autonomous Okrug, Polyarnaya",3.8,65.7047518,82.4638437
99 Guest House,"V8R9+GXR, Kuta Barat, Sabang City",4.6,5.8913747,95.3199046
QWEWQE,"Yazıcızade, Gelibolu",0.0,40.41899069999999,26.6774426
NUR,"85CR+9WX, Beyneu",4.1,45.3209751,55.1921355
Palm Guesthouse b&b Rooms,"Av. 25 de Abril 7, Cascais",4.0,38.7008077,-9.4210326
Olgun Konutları,"Hürriyet, Şht. Rüştü Ökeler Cd., Süleymanpaşa",3.8,40.9857747,27.5519694
Hotel Buganville Express,"R. Mariana Marquês, 66 - Centro, Castro",4.2,-24.7899993,-50.0060215
Rimba Lodge Hotel,"8J9H+6M7, Jl. Domba Desa Tanjung Harapan, Sidorejo, Kabupaten Kotawaringin Barat",4.5,-2.681972,111.629157
VANILLA,"4R53+38V, RN11a, Mahanoro",4.5,-19.8922455,48.8033664
Am,"37R6+53R, Wonolopo, Gulurejo, Kabupaten Kulon Progo",0.0,-7.909502799999999,110.2601546
Calodyne BnB,"XJWR+2WC, Avenue Mirabelle, Calodyne",4.7,-20.0049441,57.6422688
Cress Lodge,"93RV+4JX, Addu City",4.4,-0.6096496,73.094109
Americas Best Value Inn Sinton,"8108 US-77, Sinton",3.4,28.0285823,-97.52950510000001
Casa,"Cra. 2, Mompós",4.5,9.241367499999999,-74.4246996
Garnet Guesthouse,"CCXF+R9Q, Oranjemund",0.0,-28.5504215,16.4234709
Bora Bora Holiday's Lodge & Villa,Faatahi Vaitape BORA BORA,4.9,-16.4909651,-151.7580277
La Hacienda Hotel,"JPJC+Q8P Lion Mountain, Vieux Grand Port",4.4,-20.3680491,57.7208204
Raven Accommodations,"2539 Paurngaq, Iqaluit",3.5,63.7352771,-68.481016
Motel du Vieux Town Side,"873 Bd de l'Escale, Havre-Saint-Pierre",4.5,50.2412423,-63.6062143
Tides Edge,"HX3C+VM3, Marsh Harbour",5.0,26.5546354,-77.0283329
Logpile Lodge,"3105 McCabe Rd, Smithers",4.8,54.8132734,-127.1021127
Alojamiento,"# a 22-169, Cra. 1a ##2275",0.0,11.5372449,-72.89924990000002
Sundowner Bed & Breakfast,"54 Glenview St, Mount Tarcoola",1.0,-28.8028,114.62527
Recanto Da Loira,"Av. Fernão Dias, 550 - Tropeiros, Esmeraldas",0.0,-19.802885,-44.2882373
Lompoc Valley Inn & Suites,"1621 N H St, Lompoc",4.0,34.6636122,-120.4591007
Windmill Guestrooms,"26 Hoop St, Bredasdorp",0.0,-34.536111,20.040116
Khand a Hotel,"224F+49H, Turbat",5.0,26.0053047,63.0234815
holiday inn,"One Pacific Place, 88 Queensway, Admiralty",5.0,22.2779151,114.1652192
Lusinda Resort & Spa,new kornish، Suez,3.7,29.9551965,32.5430264
Hotel Paradise Inn Desert,"Eleuterio Ramírez, Calama",4.0,-22.4619471,-68.9240222
The Olympia Lodge,"1140 Lighthouse Ave, Pacific Grove",3.7,36.6301555,-121.9305767
Langilangi Guest House,"5MV3+9FW, Pangai",0.0,-19.8065072,-174.3463
Kinabalu Hotel,"1234, Jln Melor, Kudat",3.7,6.879167700000001,116.8501182
Millenium,"RXPC+JHV, Balkhash",4.0,46.8365902,74.9714233
Holel R,"Gregorio Mayo 155, Rawson",0.0,-43.3000096,-65.1019696
Harbour View,"Austurvegur 26b, Grindavik",4.5,63.84376599999999,-22.4270223
Wenty's Sunset Inn,"27P2+CMH, Klouklubed",4.8,7.0360875,134.2516805
Silver House Hotel,"Naberezhnaya Reki Magadanki Ulitsa, 9, Magadan",4.6,59.56862479999999,150.8116734
Safari Park Hotel,"PX6R+F9C, Airport Road, Wau",3.0,7.7112074,27.9908901
The Novel Stay,"1317 Dresden Row, Halifax",4.5,44.6407372,-63.5766375
Wawatay Inn,"336 Thompson Dr, Thompson",3.2,55.74799830000001,-97.87043349999999
Travel Lodge,"316 S Pioneer Way, Moses Lake",3.6,47.1320331,-119.2726712
Hotel National,"6, Ambilobe",3.5,-13.1958323,49.0493854
Avi Lodge,"H9F7+6J3, Rukoh, Banda Aceh City",2.5,5.5729422,95.3640191
やしま屋ホテル,"3-29 Nazenagahamacho, Amami",1.0,28.391347,129.493293
Beach Break,"201 Foreshore Rd, Ahipara",0.0,-35.1771432,173.1364274
Casa tt,"Carrer de Sant Josep, 21, Maó",0.0,39.8872334,4.2614975
Urban Home Aridane 1,"C. Enrique Mederos Lorenzo, 28, Los Llanos",0.0,28.6597546,-17.9156553
Otel' Gostinnyy Dvor,"Unnamed Road, Tymovskoye",4.4,50.84052149999999,142.6707664
Sioux Lookout Inn & Suites,"2 Sturgeon River Rd, Sioux Lookout",4.2,50.0875816,-91.90905049999999
The Calvinian Lodge,"19 Water St, Calvinia",3.3,-31.47562569999999,19.7749559
Comfort Inn & Suites Ukiah Mendocino County,"1220 Airport Park Blvd, Ukiah",4.0,39.132158,-123.1997062
Patong City Hotel,"27, 17-18 Thanon Ratchapathanuson, Pa Tong, Amphoe Kathu",0.0,7.8975122,98.3019075
Mawell Resort,"Roseneck 5, Langenburg",4.7,49.2486466,9.8633692
Hedley Lodge,"Belmont Abbey, Hereford",4.2,52.0386858,-2.755591
Aklavik Inn,"McLeod Rd, Aklavik",4.8,68.2190305,-135.0189716
Microtel Inn & Suites by Wyndham Bethel/Danbury,"80 Benedict Rd, Bethel",4.0,41.4160744,-73.3954081
Casa D'agua,"Matriz, Videira",0.0,-27.0054733,-51.146001
Höfði Cottages,Ólafsfjarðarvegur,4.3,65.9561884,-18.5332501
Resort at Eagle Point Golf Club Lodging,"100 Eagle Point Dr, Eagle Point",4.7,42.4596642,-122.8044032
Family Tides,"2 The Crescent, Bridlington",0.0,54.08216849999999,-0.187837
Oma Sydän Oy,"Nahkurinkatu 10, Lohja",0.0,60.2508189,24.0628625
Coral Inn,"16 Rue des Corallines, St Paul",0.0,-21.1051737,55.2520655
Latitude 20,"Radio Station, 29 Bond Pl, Pegs Creek",5.0,-20.7386746,116.8294559
زلطن الشرقية,"WVVF+P2W, Zelten",4.4,32.9443624,11.8725782
Stefany's,"39VV+M6P, Avenida Quito y Enrique Vallejo, San Cristóbal",4.4,-0.9057961,-89.60693570000001
Saint Claire Cottage,Saldanha,1.0,-32.99743,17.9563299
Pangali Guest House,mendi tubiri street Mendi southern highlands province,0.0,-6.1493907,143.6474817
Quality Inn,"110 Ville Dr, Boulder City",3.7,35.9916529,-114.8313052
Skye Lodge (no restaurant),"160 NS-4, Port Hastings",2.5,45.6452566,-61.4021063
Talnakh Hotel,"Ulitsa Pervoprokhodtsev, 15, Norilsk",4.2,69.4976223,88.3994701
White Lodge Motel,"1403 E Jackson St, El Campo",3.5,29.2059973,-96.25603219999999
Matriz,"R. Nova, Ribeira Grande",0.0,37.8090071,-25.5309194
Eugenia,"Av. Diego de Almagro 1245, Diego de Almagro",4.5,-26.3880777,-70.046506
Kavyapatel hotel rooms,"Gauravaddo, Calangute",0.0,15.5311109,73.7681477
Casa rural Santa Engracia,"Rda. Levante, 18, Santa Engracia",4.9,41.9395722,-1.3235555
Chalkida,"Pan. Kotsopoulou 51, Chalkida",5.0,38.4598476,23.5925305
Maringe Lagoon Lodge,"VH5Q+QC2, Fupukuna",2.7,-8.1406108,159.5885094
Ulkel Guest House,"Vanua Lava, Sola",0.0,-13.8755027,167.5509545
Wild Edge Lodge,"238 Matterson Dr, Ucluelet",4.2,48.9402614,-125.5433905
Bora Bora Holiday's Lodge & Villa,Faatahi Vaitape BORA BORA,4.9,-16.4909651,-151.7580277
An Island Suite,"720 E Rezanof Dr, Kodiak",5.0,57.7916056,-152.3952243
Anggerik Lodging,"351, Hilir Pemancar, Taman Tun Sardon, Gelugor",3.2,5.368676499999999,100.3080941
OYO 3361 Penginapan Cantika,"Near Korintji Heritage, Kerinci Near Korintji Heritage, Kerinci, Koto Lolo, Sungai Penuh City",4.0,-2.050098,101.3874748
DeLuxe,"Druzhby Narodov Ave, 10, Neryungri",3.9,56.6570994,124.7093235
Southside Lodge,"375 Hobart Rd, Youngtown",3.0,-41.4866079,147.1679517
John Mark Aurelio,"XMW6+WM5, Pototan",0.0,10.997254,122.6617225
Rodeway Inn Alamosa,"333 Santa Fe Ave, Alamosa",2.7,37.4739732,-105.8541983
Auberge Dar Salam,"FWCM+M3M, Atar",0.0,20.4717072,-13.0673199
Hotel Astore Suites,"Almte. Juan José Latorre 2850, Antofagasta",4.0,-23.6463017,-70.3950845
Inn at Richis,"Str. Principală 122, Richiș",0.0,46.0980616,24.4804835
Edgar Guest House,"R. Vale de Canas 3, Coimbra",5.0,40.2098556,-8.3786252
HOTEL VICTORIA INN,"Jl. Batang Hari No.8 KEL, Nusa Indah, Kota Bengkulu",4.7,-3.810342899999999,102.27371
Guest Line Inc,"169 E Reynolds Rd # 205B, Lexington",0.0,37.9909898,-84.5197345
Talking trees,"6F4J+35P, Foster Hall",5.0,13.2052117,-59.51953739999999
Arktika,"Ulitsa Polyarnoy Aviatsii, д. 4, Tiksi",3.8,71.6921974,128.8712194
Opuwo Country Lodge,Opuwo,4.2,-18.0520217,13.8400111
Casa de Hóspedes de SGC-AM,São Gabriel da Cachoeira,4.0,-0.1336668,-67.0777822
Prozhivaniye V Okhotske,"Луначарского, 22-5, Okhotsk",3.6,59.36124909999999,143.2125429
Acapulco,"Álvaro de Saavedra, Fracc Magallanes, Magallanes, Acapulco de Juárez",5.0,16.8607205,-99.88104519999999
Thérèse,"06 lotissement Auguste Horth, Cayenne 97300",0.0,4.9334693,-52.2943602
Lizu Hotel,"3MM6+HQX, Unnamed Road, Kilindoni",2.7,-7.915950199999999,39.6620842
Eysturland Lodge,"23 Traðagøta, Klaksvík",4.9,62.229263,-6.598602
Carter Ranch,Edgewater,0.0,28.9888754,-80.9022758
New century hotel,"W6C5+PXH, Daru",2.5,-9.078195899999999,143.2099707
Hotel,"San Antonio 39, Ancud",4.6,-41.8623046,-73.8298721
East Port Motor Inn,"56 Burrawan St, Port Macquarie",4.3,-31.4351279,152.9179311
Bobby Hotel and Lodge,"96F4+RR4, Khandbari",5.0,27.3736852,87.20732339999999
East Star,"Leningradskaya Street, 65, Petropavlovsk-Kamchatskiy",0.0,53.0385383,158.6575556
Tora Barn Holiday Home,"256 Tora Rd, Tora",0.0,-41.4307475,175.5090697
Dom Chepetse,"Prospekt Russia, 28, Kirovo-Chepetsk",3.9,58.54710180000001,50.0439051
Munitsipal'naya Gostinitsa,"Улица Советская, 32, Pevek",4.1,69.7043869,170.2823295
Orbulaq Hotel,"Ulitsy Satpayeva 109, Zharkent",4.3,44.17159170000001,79.9930962
City Comfort Inn,"No, 126 人民大道 Tianmen",0.0,30.657713,113.1646
Pakhuys Lodge,"Nieuweweg 29, Den Helder",0.0,52.9189476,4.7549171
Guest House Peresyp,Peresyp',0.0,45.3479519,37.1288135
Penzión Hubert,"Fučíkova 197, Medzilaborce",4.4,49.2708859,21.9016823
Alroz Hotels & Inns Inc,"Gd Stn Main, Brooks",0.0,50.5644528,-111.8981219
hostel,"3G3P+C6F, at-alhart, Yefren",5.0,32.053558,12.5355393
Hotel Adilabad Lodge,"Door No 4-56 Beside Punjab National Bank walk able from Bus Stand Old, NH 44, Adilabad(U)",3.9,19.6709054,78.5278506
زائرالشمال للشقق والڤلل والشاليهات الفندقية,"7740 King Fahd Ibn Abdulaziz Rd, Al Minah Al Khassah، Sakaka",3.9,29.9441283,40.1923779
Ranchito,"6777 Lagunitas Ln, Albuquerque",3.7,34.9879985,-106.6746151
Friendly Boarding House,"2842+V4W, Makalilay Street, Marawi City",0.0,8.0071832,124.3003757
bahiabosque,"pça, Tv. da Matriz, Belmonte",0.0,-15.8638087,-38.8790697
Decerle Alain,"La Noux, Le Pin",4.0,46.392425,3.896563
Lakeside B & B,"2625 Roland Rd, Fairbanks",0.0,64.82347899999999,-147.9088844
LAS PALMAS AIRPORT HOTEL,"C. Kant, Las Puntillas",0.0,27.9224321,-15.3952716
Swagat Lodge,"MP9R+V4H, Mohanpura, Port Blair",3.0,11.669699,92.7403736
Polyarnaya Zvezda,"Ulitsa Neftyanikov, д.39, Usinsk",4.1,65.99466079999999,57.5716673
Yesilkoy Koyu Muhtarligi,"Merkez, Yeşilköy Köyü, Ordu Merkez, Ordu",4.4,40.944771,37.7175749
Kak Doma,"Ул. Шутова, д. 12а, Severo-Kurilsk",4.4,50.6700577,156.1163678
Freeway Lodge,"H56X+28Q, Spoonbill Drive, Port Moresby",0.0,-9.439907500000002,147.1983711
Iskenderli Koyu Muhtarligi,İskenderli/Ereğli,4.1,41.23202300000001,31.794178
Stay Hotel,"R. Belo Horizonte, 180 - Itapuã, Vila Velha",4.0,-20.349165,-40.2911073
Sirius,"5G75+68Q, Unnamed Road, Shubarkuduk",4.0,49.1630557,56.50839689999999
Boardinghausgesellschaft mbH,"Zimmersmühlenweg 35, Oberursel (Taunus)",0.0,50.19153,8.58724
Wajir Guest House,"P3W5+PWG, Wajir",3.8,1.746844,40.0598465
Resort Inn Aono,"9102 Hasaki, Kamisu",3.5,35.7496597,140.8310011
Hotel,"R. Roberto Severo Neto, 155 - Nossa Sra. de Fátima, Santa Maria",0.0,-29.6990918,-53.8186238
Hotel Don Patricio,"Barrio Servicios, Evinayong",0.0,1.4320062,10.5529419
Groote Eylandt Lodge,"Groote Eylandt, Gulf of Carpentaria, 1 Bougainvillea Dr, Alyangula",4.1,-13.841225,136.40949
Dom Caldeira Hospedaria Boutique,"Av. Pres. Sodré, 88 - Andar 2 - Centro, Itaocara",5.0,-21.6663128,-42.0807133
Grønnbuene Rorbu Hotel,Andenes,3.7,69.32253039999999,16.1243748
Casa Marina,"R. da Marina 1G 2º Drt, Vila Franca Do Campo",4.3,37.7166466,-25.4294572
YMCA Lodge,"Pelican Parade, Birdswood, Richards Bay",0.0,-28.74235,32.08222
Silver Saddle Suites,"150 21 Ave NE, Swift Current",3.6,50.2846972,-107.7703177
La Marejada Lodge,"Av. 10 4866 7630, ATK",0.0,-38.5820165,-58.7415434
Nantucket Inn,"1 Miller Ln, Nantucket",4.1,41.2585062,-70.0659324
The Shooting Lodge,Bodmin,0.0,50.5,-4.75
"Comfort Inn & Suites, Campbell River","1351 Shoppers Row, Campbell River",4.4,50.0287185,-125.2444812
Dibbo areaمنطقة دبو,6M37+2G4، كتم،,0.0,14.2025174,24.6638251
Gnassigui,"FFJV+GQJ, Hounde",3.5,11.4813476,-3.5056145
Г-ца Керемет,"2MVQ+RX6, Korday",3.1,43.0445254,74.6898896
Cendana Hotel,"4MW3+CM5, JL Kemakmuran, Kel. Rukunlima, Kabupaten Ende",0.0,-8.853974,121.6542246
Flash Express Taphanhin,"6C9M+4F3, 113, Taphan Hin, Taphan Hin District",0.0,16.2177678,100.4336602
Oemahe Una,"Gg. Lumpur Jaya 1 No.02, Pringsewu Utara, Kabupaten Pringsewu",5.0,-5.3491165,104.9775178
Kavieng Village Resort,"CRW2+4HF, Boluminski Hwy, Old",3.6,-2.5546801,150.8014221
Chernyseyskiy,Chernyshevskii,4.4,63.02528909999999,112.4921089
CASA,C. 1° N° 32,5.0,-40.8238862,-63.0033307
Alquiler,"Salta 355, Punta Alta",5.0,-38.8685345,-62.0605769
Wr,"2GFC+WCW, Korumba, Kendari City",0.0,-3.9751479,122.5210668
Unnuisarfik Isikkivik Rooms,"Jørgen Sverdrupip aqqutaa 3 a, Ilulissat",4.7,69.21672749999999,-51.1212949
Orkney Holiday Cottages,"2 S End, Stromness",5.0,58.95787479999999,-3.3014384
New Century City Lodge,"V8H2+35X, Waterfront, Kiunga",5.0,-6.1222511,141.3004771
Pousada Multicultura,"R. Quinze de Junho, 136 - bairro Juruá, Tefé",4.2,-3.3469847,-64.7139633
Pondok batu guesthouse,"Jl. Letjen. Gatot Subroto No.43a, Pasir Bidang, Kabupaten Tapanuli Tengah",4.5,1.7214563,98.80243109999999
Beacon Lodge,"Port Elizabeth Central, Gqeberha",0.0,-33.96085,25.613961
Ibu basiyem,"962H+R4X, Jl. Badak, Ketipes, Karangturi, Kabupaten Cilacap",5.0,-7.647884100000001,109.2278653
Ubytování U pramene Vírského vánku,"Vír 29, Vír",4.7,49.5550314,16.3285903
Bnb,"5-35 Malgas St, Kruisfontein, Humansdorp",0.0,-34.0238644,24.7482417
Lodèk Motel,"Rådhusvegen 9, Lødingen",4.8,68.4119623,15.9958366
Super 7 Holiday Inn,"and, 30 meters south of the intersection of Liufeng middle road, 文明路 Sanmenxia",0.0,34.78215,111.2024
Moree Lodge Motel,"296-298 Warialda St, Moree",4.0,-29.4704381,149.846272
Old Mill Hotel,"Camino al Molino Viejo S/N Bahia San Quiintin, San Quintín",4.5,30.48514459999999,-115.9772553
hanzhongyinhejiudian,"32PR+MJ3, Middle Section of, 兴汉路 Hanzhong",0.0,33.086643,107.04155
Hotel Lunberton,"3581 Lackey St, Lumberton",3.9,34.6468134,-79.0154555
Boardwalk Motel,"278 River St, Ballina",4.9,-28.8683552,153.5543429
The Palms Hideaway,"609 Oak Ave, Clearwater",3.3,27.9588476,-82.80137839999999
SalamHotel,"Tashkent, 100000, Uzbekistan, Tashkent",4.6,41.47622399999999,69.1644336
Saleh Ali,"GWPW+9XJ, Manbij",0.0,36.5359676,37.9474314
Pensión Antonio,"Rúa San Francisco, Nº34, San Francisco",4.6,42.75954840000001,-9.0748071
Gostinitsa Mup Zhkkh,"Победы ул., 18Б, Leshukonskoe",4.7,64.89999999999999,45.7666666
Lagon Bleu,"2MVP+W77, Lagdo",4.0,9.0447817,13.6856775
Hotel Monterrey,"27G6+VJ7, Via Gato Negro, Guanare",0.0,9.0271708,-69.7384572
Kangdu Express Hotel,"Jindu Square, Renmin West Road, Korla, Ba Yin Guo Leng Meng Gu Zi Zhi Zhou",0.0,41.759995,86.14452
Don Tiffen center,"24, Balaji Nagar, Athipatttu",0.0,13.2599329,80.2906884
Gabes Motel,"W3CJ+VQ5, South, Island, Alofi",4.2,-19.0778714,-169.9180295
PARADISE OF BRAZIL,"Av. Praia de Perobas, 20, Touros",0.0,-5.191651300000001,-35.47141209999999
"Epiphany Guest House, Haiti","8, rue du Quai Les Cayes HT",0.0,18.1906882,-73.7505761
Jinjiang Inn Hohhot Erdos East Street Branch,"No.352, Wuda Road, 352, Hohhot",0.0,40.80224,111.702
Fiskerhjemmet Havly,"Fv793 1540, Værøy",4.3,67.6575793,12.7172575
Palma Hotel Apartments,78C2+CW8، الشهيد عاطف السادات، Qism El-Arab,5.0,31.271036,32.302322
قاعة كريتر للاعراس,"Q2PJ+H35, عدن،",0.0,12.7863978,45.03023839999999
Motell,"Idrettsveien 63, Hammerfest",0.0,70.6590911,23.7050961
فندق الزيتونة,"Q247+9WH, Bani Waled",4.2,31.7559326,14.0148463
Hotel Rivera,"3W3X+3W3, Tucupita",4.6,9.052636099999999,-62.0501981
Best's Riverbed & Breakfast,"7 Kidman Reid Dr, Swan Hill",4.7,-35.346924,143.590073
خانه,"Neyshabur, استان خراسان رضوی، نیشابور، کوچه 35،،",0.0,36.2082213,58.8092603
Adra Cottages,"JRGQ+JP7, Usa River",5.0,-3.3734746,36.8392969
Tentena,"3VG4+WCJ, Awu, Banggai Regency",0.0,-0.9226496999999999,122.8560095
Small's Enterprise,"558H+3F2, Hosororo",2.0,8.1651334,-59.8213653
Soe City,"47QG+RR9, Kampung Baru, South Timor Tengah Regency",0.0,-9.860471,124.2771
Deep River Motel,"33695 Hwy 17 West, Deep River",3.9,46.109825,-77.522624
新宮ゲストハウス奏,"2 Chome-1-10 Ikeda, Shingu",3.8,33.7281337,135.9953476
Pistut,"X8VM+M8M, Qunnernut, Frederikshåb",0.0,61.9942026,-49.6666727
Salor bay,Kuna,0.0,43.4918307,-116.4201223
OURE TERA beach resort,Kuto,4.3,-22.6639175,167.4487915
Hotel Gali,"San Martín 641, Taltal",3.9,-25.4106011,-70.48171479999999
El rranchito michuacan de ocampos,"Eduardo Ruiz, Bugambilias, Coahuayana de Hidalgo",0.0,18.7103759,-103.6649925
Rangali,"QX4C+RQH, Rangali Hingun, Mahibadhoo",0.0,3.7570697,72.971988
Uruna Bay Retreat,"RM63+36C, Kieta",0.0,-6.189825,155.6530061
Paradise Guest House,"Paradise, Knysna",4.0,-34.03646,23.0296632
Dredge 7 Inn,"E D St, Nome",4.6,64.5008574,-165.3980714
Las Palmas,Sambava,0.0,-14.2618869,50.1653101
Pensão Executiva,"JW6R+M8W, EN140, Kuito",3.2,-12.3882583,16.9408162
Copey Resort,Varadero,3.7,23.1525127,-81.2474089
Buenos Aires Guesthouse,"Buenos Aires 683, Valparaíso",0.0,-33.048285,-71.6180918
Quadros Hotel,"R. São Salvador, 102, Itupiranga",3.7,-5.1342945,-49.329708
GAIA HOTEL TERNATE,"Jl. Sultan M. Djabir Sjah, Gamalama, Kota Ternate",4.6,0.7922154000000001,127.3896186
Bairnsdale Kansas City Motel,"310 Main St, Bairnsdale",4.0,-37.8269615,147.6251572
Comfort Inn,"854 Bd Laure, Sept-Îles",3.9,50.2254282,-66.39011889999999
Diversi,"R562+QH7, Namibe",3.0,-15.1880957,12.1514256
Council Guesthouse,"GFFX+WW9, Heddle Road, Bonthe",3.0,7.524783500000001,-12.500131
Hunter's B&B,"324 Oceanview Dr, Tuktoyaktuk",5.0,69.44260899999999,-133.0397
Dilksnes Guesthouse,"7QPV+MQ5, Iceland, Dilksnesi, Höfn, Hornafjörður",4.5,64.2866287,-15.2055263
Shoreline Lodgings,"17 Marine Terrace The Promenade, Penzance",3.9,50.1145465,-5.536961499999999
bougdama,"Q6X5+VW9, Timizart",0.0,36.7996669,4.2098491
Poshly Port Hedland,"11 Edgar St, Port Hedland",5.0,-20.3113095,118.5772698
Casa Alagoa,Lugar de Alagoa,4.0,41.9940912,-8.1709924
SPOT ON 65816 Trinath Residency,"Nayagarh - Khandapada Rd, Nayagarh",3.8,20.1269262,85.1050386
~,"2VQW+4HM, Oruro",3.7,-17.9621368,-67.10356469999999
Swapna Lodge,"FVWG+4V7, National Highway 214, Jaggannapeta",3.0,16.4953122,81.8771673
Casa Milky,São Raimundo das Mangabeiras,0.0,-7.0247793,-45.48117509999999
Ikathouse,"FP6H+H88, Margilan",4.3,40.4614212,71.7283428
Gostinitsa Severyanka,Bilibino,3.9,68.0590741,166.4587736
White Lodge & Resort,"44F8+QQC, Hambantota",1.0,6.124441099999999,81.1169175
Venus Paradise,Vulcanello,0.0,38.43199,14.9596024
Terra Galega Hotel,"Rúa Chantada, 203, Monforte de Lemos",4.0,42.52877549999999,-7.532065299999999
"Harnai,khozari","ilyas, khozari road, near 1st home, Harnai",5.0,30.1209181,67.91877629999999
Ebergement,"CJGV+RR, Tabou",5.0,4.4270393,-7.355440000000001
Modern Star,"J2GR+89C, Dhuvaafaru",0.0,5.6258142,73.0408913
Hotel Colonial,"Eulogio Goycolea 16, Calbuco",4.1,-41.76887430000001,-73.12708099999999
Pousada Magalhães 2,"R. Manoel Novais - Paratinga, Pres. Dutra",3.9,-12.6896104,-43.1800614
Baykonyr,Zhalil St,4.7,47.8093181,67.7307632
Gostinitsa Rosmorport.,"улица Ручейная 11, Lazo - Ol'ga, 30, Olga",3.9,43.7308387,135.2572572
Catalina Huanca Resort,Av. Mariscal Castilla 253,5.0,-11.9467675,-75.2913662
Rancharia,"R. Marcílio Dias, 869 - Vila Cantizani, Rancharia",4.8,-22.2286475,-50.8955042
Americas Hotel,"Las Americas 602, Pisco",4.0,-13.7167671,-76.21284109999999
Admiral,"Проезд медвежье, Pangody",3.3,65.84546639999999,74.4714604
Al Camar Lodge,RN 1,4.3,-11.4202737,43.270747
Athabasca Lodge Motel,"4004 Hwy 2 SOUTH, Athabasca",3.8,54.707325,-113.2888552
Nyamakwere Lodges,"J62P+FGP, A2, Mutoko",3.5,-17.3987271,32.2363187
Khalid,"JP78+W3G, Av. Ghzaoua, Martil",0.0,35.61482220000001,-5.284802399999999
Hotel Central Margarita 2,"Av. Terêncio Lima, 788 - Centro, Boa Vista",4.9,2.81431,-60.67646499999999
"Amala Apartments,شقق أمالا","27M7+QXJ, Umluj",2.2,25.0344524,37.26488870000001
Katerina Rooms,Sifnos,5.0,36.9909882,24.6866147
Kununurra,"1/47 National Highway, Kununurra",4.0,-15.7786483,128.7415008
Cedarville Hotel,Port Shepstone,2.0,-30.73554,30.42512
Mirian,"WRMX+CPP, Huarmey",0.0,-10.0664169,-78.1506824
OCHA Office,"24HP+JH8, Zémio",1.0,5.029063799999999,25.136443
Alben Motel,"301 W Maple St, Jeffersonville",3.0,38.2713741,-85.7439558
3G hotel pasni,"7F7C+C4R, Main Bazar, Pasni",0.0,25.2636234,63.47026529999999
80's style with 2017 comfort,"11 Scott St, Tuatapere",0.0,-46.1315455,167.682815
Sadine r cardoso,"R. Aníbal Benévolo, 415 - Centro, Caravelas",5.0,-17.7363198,-39.2645281
Somon Hotel,De-Kastri,3.4,51.4697492,140.7676137
Jastrzębia Góra,"Wilków Morskich 8, Jastrzębia Góra",4.3,54.82962,18.3298386
Azure Guest House,"4 Buxton Ct, Thornlands",3.0,-27.564828,153.2524648
Yingbin Hotel,CN 宁夏回族自治区 石嘴山市 大武口区 40 米,0.0,39.23817,106.34339
Byron Bay Stays,"89 Wordsworth St, Byron Bay",0.0,-28.6452223,153.6083959
Girassol,"R. Pref. Raimundo Rocha - Centro, Acaraú",0.0,-2.8844025,-40.1158539
Marfed Lodge,"22, 1772 Las Vegas, Putatan, Muntinlupa",0.0,14.3930109,121.0436233
Mareeba Motor Inn,"163 Martin Ave, Mareeba",4.2,-17.0284687,145.4289855
Comfort Inn & Suites,"1288 S Main St, Cedar City",4.0,37.656249,-113.078055
Buyant Hotel,"2J3R+3JV, Khovd",2.4,48.00273139999999,91.6415329
Casa Fernandes,"R. Esmeralda, 1462 - Várzea da Palma",5.0,-17.6008851,-44.7267816
Quality Inn Payson I-15,"830 N Main St, Payson",3.9,40.053761,-111.731598
Complex Sophia,"Strada Republicii Nr. 17, Comănești",5.0,46.4213698,26.4400109
penginapan,"W76R+F8J, Jl. Bison, Purwosari, Kota Metro",2.3,-5.0887823,105.2907751
Atlantic Gateway's Local Lodge,"Rua Monsenhor José Ribeiro, 54 1º esq. Arrifes,, São Miguel Açores, Ponta Delgada",4.0,37.7641044,-25.6977181
Sisimiut Vandrehjem,"Kaalikassap Aqq 25, Sisimiut",4.1,66.9336531,-53.670626
منزل محمد غالب القيري,"منزل محمد غالب القيري, حي, Mecca",4.4,21.3910871,39.8449955
Econo Lodge,"200 S Pine Ridge Ave, Merrill",3.4,45.1803,-89.652673
Rio Amazonas Hotel,"R. Min. Waldemar Pedrosa, 215 - Centro, Itacoatiara",3.9,-3.149814,-58.44468029999999
Boulevard Lodge,"10 Johanna Blvd, Kensington",4.2,-24.8884209,152.3223887
Gîte des Libellules,"Servières, Villecomtal",4.3,44.541157,2.5629283
هتل سعید,"M7PF+2G6, Dehloran",3.8,32.6850599,47.2737691
NW Abode,"8862 161st Avenue Northeast, Redmond",0.0,47.6809527,-122.1247849
fire july,"No.6-7, Building 24, Laohaiting, 海滨北路 Xichang",0.0,27.865694,102.2691
hotel eljadid,Rabat,3.2,34.0251913,-6.8390192
CASA,"San Martín 33, Sáenz Peña",3.9,-26.7927517,-60.4426141
Prospector Inn,"225 Creighton Ave, Creighton",4.0,54.7548037,-101.8949425
Hotel Centro Estetico,"Piazza del Popolo, Lucera",0.0,41.5053517,15.3339609
Inn On Centre,"35 Centre St, Gimli",4.9,50.6317433,-96.9883321
Home Inn Selected,"No.62-1 Fuchun Street, Dandong",0.0,40.09726999999999,124.36015
Stay in Port Lincoln,"21 Freeman Ave, Port Lincoln",0.0,-34.7257924,135.8433229
Paw Patrol Lookout,"Hill Top Motor Inn, 271 Kaolin St, Broken Hill",0.0,-31.95414229999999,141.4530067
Els Hoekie Accommodation,"V7QC+8QM, Pylstert, Hentiesbaai",4.1,-22.1116688,14.2719148
OYO 2699 Haven Boarding House,"Near Maluku City Mall, Galala, Kota Ambon",4.0,-3.6683738,128.1989743
THE LINDO HOTEL,"1539-63 Tsukishiro, Nanjo",4.7,26.1594778,127.7893723
SOKA GUESTHOUSE,"Loktabat Utara, Banjarbaru City",4.7,-3.4354532,114.8339863
Golden City Resort,"FJ4W+HXV, Võ Nguyên Giáp, Bảo Xuân",4.0,17.4564791,106.6474243
ST Aubyn Aparthotel,"WF5J+XR9, Praia",4.1,14.9099144,-23.5178907
Lodger,"26XH+FW3, Sokoto",0.0,13.0486116,5.2298284
Hostal Guest House Prenda Inn,"569F+449, R. Cmte. Arguelles, Luanda",0.0,-8.8321617,13.2228769
Bed & Breakfast Reservation,"763 7th Ave, Fairbanks",0.0,64.841077,-147.7296537
CinnaMoon hospedaje,Coquimbo,0.0,-29.9563809,-71.3096209
Svalbard Lodge,"6J8P+WJH, Longyearbyen",4.9,78.21729309999999,15.6366483
Pensão Guimarães,"Av. Ildefonso Carneiro, 244, Caçu",4.8,-18.5593245,-51.1287817
Smestaj,"47V3+M9J, Gradiška",0.0,45.1443212,17.2541828
KTM'S House,"P84P+FP3, Akokan",3.6,18.7060735,7.33683
MM ROOMS,"C. las Cortes, 1, San Javier",4.3,37.806489,-0.8342128
Hotel Excelsior,"C. Benemérito de las Américas, Centro, Sonoyta",4.3,31.8643736,-112.8476818
henry hall,"QRPR+792, Rua 11 14r, Luanda",0.0,-11.2143554,13.8408623
Hotel,"JC63+372, Bafq",0.0,31.6101278,55.4031418
Kvartirka V Uraye,"3-й микрорайон, 33, Uray",0.0,60.12750859999999,64.8191415
Associated Resorts Services,"2010 Crow Canyon Pl, San Ramon",4.0,37.7791609,-121.9738827
The Steels,"XHXX+H7C, Unnamed Road, Grand Baie",5.0,-20.0010609,57.59813459999999
Southern Port Hotel,"9698 Canada Dr, Harbour Breton",4.0,47.4699573,-55.82869609999999
Otel' Viktoriya,"Ulitsa Matrosova, д. 14а, Dudinka",4.4,69.4036447,86.18388739999999
Friendship hotel,"Ulitsa Druzhby Narodov, 10, Sovetsky",3.7,61.37562659999999,63.56255059999999
The 9 Houses,99999,4.8,-4.769219000000001,11.8663044
Light House Pavlodar Hostel,"Kairbaeva 104 sq 56, Pavlodar",4.3,52.2884828,76.9619076
SHIRAHAMA MARINER,"2752-16 SHIRAHAMA, Shimoda",4.3,34.6867617,138.9729861
Holiday flats in Fredensborg,"Sørupvej 23, Fredensborg",4.0,55.97247840000001,12.375098
The Oxford House,"3550 Oxford Dr, Holiday",0.0,28.17525,-82.7547937
Tanna Lodge,"C7WJ+WMX, Bethel",3.2,-19.5526323,169.2817426
Comfort Inn,"66JP+P2M, Popondetta",3.3,-8.7681662,148.2350315
HOTEL Los Angeles,"Ayuntamiento 2, Centro, Concepción del Oro",4.8,24.6126781,-101.4172858
Brynhir Guest House,Llandrindod Wells,0.0,52.2182703,-3.3754416
Trabelodge,"8340 Elk Grove Florin Rd, Sacramento",5.0,38.4549342,-121.3739324
Ogomono Doumbo,"2352+RQ3, Douentza",4.0,15.0095103,-2.948079
Nabben Inn,"Nabben 23, Selje",5.0,62.04497869999999,5.3436881
Gostinitsa,"Unnamed Road, Mnogovershinnyi",4.4,53.9290653,139.9379343
بناية ساجر للشقق الفندقية,"2376+CGH, Unnamed Road, Salalah",4.1,17.0135663,54.0613197
ViennaHotel,"No, 458 中华路 Community, Wenling, 太平",0.0,28.383484,121.38303
旅馆,"XPCJ+68H, Lashio",0.0,22.9700272,97.7313351
Pelita Hotel,"87Q8+GXW, JL. Ahmad Yani, Waingapu, Wangga, Kabupaten Sumba Timur",0.0,-9.661126999999999,120.267456
HOTEL RAVENARA,"4X8R+H2M, Antsohihy",0.0,-14.8835474,47.99004559999999
Hotel EL Azteca,"Carr. a Colombia 100, Centro de Anahuac, Anáhuac",3.5,27.236007,-100.1363047
Gostinitsa,"50 Лет Победы ул., 5 Мужи (Шурышкарский) Ямало-Ненецкий Ао@Тюменская",0.0,65.3942902,64.6933696
Hapton inn,Saraland,0.0,30.820742,-88.07055559999999
Khostel Shokoladka,"Лазовская улица, 7, Seymchan",4.8,62.9302927,152.3995107
Charming Holiday Cottage,Serra De Fora,5.0,33.0713882,-16.3030041
Jay Ellen Accommodation,"487F+9RP, Maxixe",4.0,-23.8865662,35.3247922
